{
  "state": "TRIPURA",
  "districts": {
    "West Tripura": {
      "A": [
        {
          "name": "AgartalaGuard Post",
          "slug": "agartalaguard-post",
          "pin": "799002"
        },
        {
          "name": "Arundhutinagar",
          "slug": "arundhutinagar",
          "pin": "799003"
        },
        {
          "name": "Aralia",
          "slug": "aralia",
          "pin": "799004"
        },
        {
          "name": "Anandanagar",
          "slug": "anandanagar",
          "pin": "799004"
        },
        {
          "name": "Agartala College",
          "slug": "agartala-college",
          "pin": "799004"
        },
        {
          "name": "Abhoynagar",
          "slug": "abhoynagar",
          "pin": "799005"
        },
        {
          "name": "Agartala Aerodrome",
          "slug": "agartala-aerodrome",
          "pin": "799009"
        },
        {
          "name": "Agartala Secretariat",
          "slug": "agartala-secretariat",
          "pin": "799010"
        },
        {
          "name": "Agartala ONGC",
          "slug": "agartala-ongc",
          "pin": "799014"
        },
        {
          "name": "Ashigarh",
          "slug": "ashigarh",
          "pin": "799045"
        },
        {
          "name": "Amtali",
          "slug": "amtali",
          "pin": "799130"
        }
      ],
      "B": [
        {
          "name": "Border Rampur",
          "slug": "border-rampur",
          "pin": "799002"
        },
        {
          "name": "Barjala",
          "slug": "barjala",
          "pin": "799002"
        },
        {
          "name": "Badharghat",
          "slug": "badharghat",
          "pin": "799003"
        },
        {
          "name": "Bhattapukur",
          "slug": "bhattapukur",
          "pin": "799003"
        },
        {
          "name": "Bankumari E/SB",
          "slug": "bankumari-e-sb",
          "pin": "799006"
        },
        {
          "name": "Banamalipur",
          "slug": "banamalipur",
          "pin": "799007"
        },
        {
          "name": "Burakha Landless Colony",
          "slug": "burakha-landless-colony",
          "pin": "799035"
        },
        {
          "name": "Belbari",
          "slug": "belbari",
          "pin": "799045"
        },
        {
          "name": "Bisrambari .",
          "slug": "bisrambari",
          "pin": "799045"
        },
        {
          "name": "Birendranagar",
          "slug": "birendranagar",
          "pin": "799045"
        },
        {
          "name": "Brigudaspara",
          "slug": "brigudaspara",
          "pin": "799045"
        },
        {
          "name": "Bodhjungnagar",
          "slug": "bodhjungnagar",
          "pin": "799210"
        },
        {
          "name": "Baikunthapur",
          "slug": "baikunthapur",
          "pin": "799211"
        },
        {
          "name": "Bamutia",
          "slug": "bamutia",
          "pin": "799211"
        },
        {
          "name": "Barkathalia",
          "slug": "barkathalia",
          "pin": "799211"
        },
        {
          "name": "Bijoynagar Bazar",
          "slug": "bijoynagar-bazar",
          "pin": "799211"
        },
        {
          "name": "Balubon",
          "slug": "balubon",
          "pin": "799212"
        }
      ],
      "T": [
        {
          "name": "Town Rampur",
          "slug": "town-rampur",
          "pin": "799002"
        },
        {
          "name": "Town pratapgarh",
          "slug": "town-pratapgarh",
          "pin": "799004"
        },
        {
          "name": "Tebaria",
          "slug": "tebaria",
          "pin": "799015"
        },
        {
          "name": "Tripura University",
          "slug": "tripura-university",
          "pin": "799022"
        },
        {
          "name": "Taranagar",
          "slug": "taranagar",
          "pin": "799211"
        },
        {
          "name": "Tarapur",
          "slug": "tarapur",
          "pin": "799211"
        },
        {
          "name": "Thamakari",
          "slug": "thamakari",
          "pin": "799211"
        }
      ],
      "R": [
        {
          "name": "Ramnagar  (West Tripura)",
          "slug": "ramnagar-west-tripura",
          "pin": "799002"
        },
        {
          "name": "Ranirkhamar",
          "slug": "ranirkhamar",
          "pin": "799003"
        },
        {
          "name": "Renters Colony",
          "slug": "renters-colony",
          "pin": "799004"
        },
        {
          "name": "Ramachandranagar",
          "slug": "ramachandranagar",
          "pin": "799008"
        },
        {
          "name": "Reshambagan",
          "slug": "reshambagan",
          "pin": "799008"
        },
        {
          "name": "Ranirbazar",
          "slug": "ranirbazar",
          "pin": "799035"
        },
        {
          "name": "Radhamohanpur",
          "slug": "radhamohanpur",
          "pin": "799045"
        },
        {
          "name": "Rayermura",
          "slug": "rayermura",
          "pin": "799130"
        }
      ],
      "K": [
        {
          "name": "Krishnanagar",
          "slug": "krishnanagar",
          "pin": "799002"
        },
        {
          "name": "Kunjaban",
          "slug": "kunjaban",
          "pin": "799006"
        },
        {
          "name": "Kathalbagan",
          "slug": "kathalbagan",
          "pin": "799006"
        },
        {
          "name": "Kunjabon Road",
          "slug": "kunjabon-road",
          "pin": "799006"
        },
        {
          "name": "Khasnoagaon",
          "slug": "khasnoagaon",
          "pin": "799008"
        },
        {
          "name": "Khayerpur",
          "slug": "khayerpur",
          "pin": "799008"
        },
        {
          "name": "Kanchanmala",
          "slug": "kanchanmala",
          "pin": "799130"
        },
        {
          "name": "Kamalghat",
          "slug": "kamalghat",
          "pin": "799210"
        },
        {
          "name": "Kalibazar",
          "slug": "kalibazar",
          "pin": "799210"
        },
        {
          "name": "Kalacherra T.E.",
          "slug": "kalacherra-t-e",
          "pin": "799211"
        },
        {
          "name": "Kalkalia T.E.",
          "slug": "kalkalia-t-e",
          "pin": "799211"
        }
      ],
      "P": [
        {
          "name": "Paschim Bhubanban",
          "slug": "paschim-bhubanban",
          "pin": "799002"
        },
        {
          "name": "Purba Pratapgarh",
          "slug": "purba-pratapgarh",
          "pin": "799004"
        },
        {
          "name": "Paschim Noabadi",
          "slug": "paschim-noabadi",
          "pin": "799008"
        },
        {
          "name": "Paschim Champamur",
          "slug": "paschim-champamur",
          "pin": "799008"
        },
        {
          "name": "Purba Noagaon",
          "slug": "purba-noagaon",
          "pin": "799035"
        },
        {
          "name": "Pandavpur",
          "slug": "pandavpur",
          "pin": "799130"
        },
        {
          "name": "Pravapur",
          "slug": "pravapur",
          "pin": "799130"
        },
        {
          "name": "Paschim Gokulnagar",
          "slug": "paschim-gokulnagar",
          "pin": "799130"
        },
        {
          "name": "Patnipara",
          "slug": "patnipara",
          "pin": "799211"
        }
      ],
      "I": [
        {
          "name": "Ishanchandranagar",
          "slug": "ishanchandranagar",
          "pin": "799003"
        },
        {
          "name": "Indranagar",
          "slug": "indranagar",
          "pin": "799006"
        },
        {
          "name": "Ishanpur",
          "slug": "ishanpur",
          "pin": "799212"
        }
      ],
      "M": [
        {
          "name": "Madhuban",
          "slug": "madhuban",
          "pin": "799003"
        },
        {
          "name": "Mariamnagar",
          "slug": "mariamnagar",
          "pin": "799008"
        },
        {
          "name": "Meghlipara",
          "slug": "meghlipara",
          "pin": "799035"
        },
        {
          "name": "Majlishpur",
          "slug": "majlishpur",
          "pin": "799035"
        },
        {
          "name": "Mdhabbari",
          "slug": "mdhabbari",
          "pin": "799045"
        },
        {
          "name": "Mandainagar",
          "slug": "mandainagar",
          "pin": "799045"
        },
        {
          "name": "Madhuchoudhurypara",
          "slug": "madhuchoudhurypara",
          "pin": "799211"
        },
        {
          "name": "Mohanpur  (West Tripura)",
          "slug": "mohanpur-west-tripura",
          "pin": "799211"
        }
      ],
      "S": [
        {
          "name": "S.D.Mission Colony",
          "slug": "s-d-mission-colony",
          "pin": "799003"
        },
        {
          "name": "Siddhi Ashram",
          "slug": "siddhi-ashram",
          "pin": "799003"
        },
        {
          "name": "Srinagar Kacharipara",
          "slug": "srinagar-kacharipara",
          "pin": "799004"
        },
        {
          "name": "Sonamani sepaipara",
          "slug": "sonamani-sepaipara",
          "pin": "799035"
        },
        {
          "name": "Sanchindranagar Colony",
          "slug": "sanchindranagar-colony",
          "pin": "799045"
        },
        {
          "name": "Shantinagar",
          "slug": "shantinagar",
          "pin": "799045"
        },
        {
          "name": "Sekerkote",
          "slug": "sekerkote",
          "pin": "799130"
        },
        {
          "name": "Subalsing",
          "slug": "subalsing",
          "pin": "799211"
        },
        {
          "name": "Sidhai",
          "slug": "sidhai",
          "pin": "799212"
        },
        {
          "name": "Simna Colony",
          "slug": "simna-colony",
          "pin": "799212"
        },
        {
          "name": "Sundartilla",
          "slug": "sundartilla",
          "pin": "799212"
        },
        {
          "name": "Simna",
          "slug": "simna",
          "pin": "799212"
        },
        {
          "name": "Sonaram Bazar",
          "slug": "sonaram-bazar",
          "pin": "799212"
        }
      ],
      "C": [
        {
          "name": "Charipara",
          "slug": "charipara",
          "pin": "799003"
        },
        {
          "name": "Champaknagar",
          "slug": "champaknagar",
          "pin": "799045"
        },
        {
          "name": "Champamura Bazar",
          "slug": "champamura-bazar",
          "pin": "799130"
        },
        {
          "name": "Chechuria",
          "slug": "chechuria",
          "pin": "799210"
        },
        {
          "name": "Chachubazar",
          "slug": "chachubazar",
          "pin": "799211"
        }
      ],
      "J": [
        {
          "name": "Jogendranagar",
          "slug": "jogendranagar",
          "pin": "799004"
        },
        {
          "name": "Jarul Bachai",
          "slug": "jarul-bachai",
          "pin": "799004"
        },
        {
          "name": "Janmejoynagar",
          "slug": "janmejoynagar",
          "pin": "799045"
        }
      ],
      "N": [
        {
          "name": "Nagicherra",
          "slug": "nagicherra",
          "pin": "799004"
        },
        {
          "name": "Nandannagar",
          "slug": "nandannagar",
          "pin": "799006"
        },
        {
          "name": "Noagaon Krishnagar",
          "slug": "noagaon-krishnagar",
          "pin": "799006"
        },
        {
          "name": "Neepco",
          "slug": "neepco",
          "pin": "799008"
        },
        {
          "name": "Narayanpur",
          "slug": "narayanpur",
          "pin": "799009"
        },
        {
          "name": "Nutannagar",
          "slug": "nutannagar",
          "pin": "799009"
        },
        {
          "name": "Narayanpur Bazar SO",
          "slug": "narayanpur-bazar-so",
          "pin": "799015"
        },
        {
          "name": "Noabadi",
          "slug": "noabadi",
          "pin": "799045"
        },
        {
          "name": "NIT Agartala",
          "slug": "nit-agartala",
          "pin": "799046"
        }
      ],
      "G": [
        {
          "name": "Gabordi",
          "slug": "gabordi",
          "pin": "799004"
        },
        {
          "name": "G.B.Hospital",
          "slug": "g-b-hospital",
          "pin": "799006"
        },
        {
          "name": "Gurudas Colony",
          "slug": "gurudas-colony",
          "pin": "799045"
        }
      ],
      "D": [
        {
          "name": "Dhupcherra",
          "slug": "dhupcherra",
          "pin": "799004"
        },
        {
          "name": "Dhaleswar",
          "slug": "dhaleswar",
          "pin": "799007"
        },
        {
          "name": "Durjaynagar",
          "slug": "durjaynagar",
          "pin": "799009"
        },
        {
          "name": "Dinabandhupara",
          "slug": "dinabandhupara",
          "pin": "799035"
        },
        {
          "name": "Durganagar",
          "slug": "durganagar",
          "pin": "799035"
        },
        {
          "name": "Dighalia Bazar",
          "slug": "dighalia-bazar",
          "pin": "799211"
        },
        {
          "name": "Darogamura",
          "slug": "darogamura",
          "pin": "799212"
        }
      ],
      "O": [
        {
          "name": "Old Agartala",
          "slug": "old-agartala",
          "pin": "799008"
        }
      ],
      "L": [
        {
          "name": "Lankamura",
          "slug": "lankamura",
          "pin": "799009"
        },
        {
          "name": "Laifunga",
          "slug": "laifunga",
          "pin": "799210"
        },
        {
          "name": "Lembucherra",
          "slug": "lembucherra",
          "pin": "799210"
        }
      ],
      "W": [
        {
          "name": "Wakinagar",
          "slug": "wakinagar",
          "pin": "799035"
        }
      ],
      "V": [
        {
          "name": "Viveknagar",
          "slug": "viveknagar",
          "pin": "799130"
        }
      ],
      "F": [
        {
          "name": "Fatikchhera",
          "slug": "fatikchhera",
          "pin": "799210"
        }
      ],
      "H": [
        {
          "name": "Harendranagar T.",
          "slug": "harendranagar-t",
          "pin": "799210"
        }
      ],
      "U": [
        {
          "name": "Uttar debendranagar",
          "slug": "uttar-debendranagar",
          "pin": "799211"
        },
        {
          "name": "Uttar Dasgharia",
          "slug": "uttar-dasgharia",
          "pin": "799212"
        }
      ]
    },
    "Sepahijala": {
      "J": [
        {
          "name": "Jampuijala Colony",
          "slug": "jampuijala-colony",
          "pin": "799011"
        },
        {
          "name": "Jampuijala SO",
          "slug": "jampuijala-so",
          "pin": "799011"
        },
        {
          "name": "Jumerdhepa",
          "slug": "jumerdhepa",
          "pin": "799115"
        },
        {
          "name": "Jatrapur",
          "slug": "jatrapur",
          "pin": "799132"
        }
      ],
      "K": [
        {
          "name": "Kendraicherra",
          "slug": "kendraicherra",
          "pin": "799011"
        },
        {
          "name": "Kanakraipara",
          "slug": "kanakraipara",
          "pin": "799011"
        },
        {
          "name": "Kalkalia",
          "slug": "kalkalia",
          "pin": "799102"
        },
        {
          "name": "Kaiyadhepa",
          "slug": "kaiyadhepa",
          "pin": "799102"
        },
        {
          "name": "Kalamcherra",
          "slug": "kalamcherra",
          "pin": "799102"
        },
        {
          "name": "Kalasimura",
          "slug": "kalasimura",
          "pin": "799102"
        },
        {
          "name": "Kamalasagar",
          "slug": "kamalasagar",
          "pin": "799102"
        },
        {
          "name": "Konabon",
          "slug": "konabon",
          "pin": "799102"
        },
        {
          "name": "Krishnakishorenagar",
          "slug": "krishnakishorenagar",
          "pin": "799102"
        },
        {
          "name": "Kemtali",
          "slug": "kemtali",
          "pin": "799115"
        },
        {
          "name": "Khas Chowmouhani",
          "slug": "khas-chowmouhani",
          "pin": "799115"
        },
        {
          "name": "Khedabari",
          "slug": "khedabari",
          "pin": "799131"
        },
        {
          "name": "Kamalnagar",
          "slug": "kamalnagar",
          "pin": "799131"
        },
        {
          "name": "Kulubari",
          "slug": "kulubari",
          "pin": "799131"
        },
        {
          "name": "Kalikrishnagar",
          "slug": "kalikrishnagar",
          "pin": "799132"
        },
        {
          "name": "Kathalia",
          "slug": "kathalia",
          "pin": "799132"
        }
      ],
      "S": [
        {
          "name": "Sankumabari",
          "slug": "sankumabari",
          "pin": "799011"
        },
        {
          "name": "South Nehalchandranagar",
          "slug": "south-nehalchandranagar",
          "pin": "799102"
        },
        {
          "name": "Sepahijala",
          "slug": "sepahijala",
          "pin": "799102"
        },
        {
          "name": "Sutarmura",
          "slug": "sutarmura",
          "pin": "799102"
        },
        {
          "name": "South Charilam",
          "slug": "south-charilam",
          "pin": "799103"
        },
        {
          "name": "Sonamura",
          "slug": "sonamura",
          "pin": "799131"
        }
      ],
      "U": [
        {
          "name": "Ujan Ghaniamara",
          "slug": "ujan-ghaniamara",
          "pin": "799011"
        },
        {
          "name": "Urmai",
          "slug": "urmai",
          "pin": "799115"
        }
      ],
      "T": [
        {
          "name": "Takarjala",
          "slug": "takarjala",
          "pin": "799011"
        },
        {
          "name": "Tekshapara",
          "slug": "tekshapara",
          "pin": "799103"
        },
        {
          "name": "Telkajla",
          "slug": "telkajla",
          "pin": "799115"
        }
      ],
      "L": [
        {
          "name": "Lalsingmura",
          "slug": "lalsingmura",
          "pin": "799102"
        },
        {
          "name": "Latiacherra",
          "slug": "latiacherra",
          "pin": "799103"
        },
        {
          "name": "Lakshmandhepa",
          "slug": "lakshmandhepa",
          "pin": "799115"
        }
      ],
      "N": [
        {
          "name": "Nabinagar",
          "slug": "nabinagar",
          "pin": "799102"
        },
        {
          "name": "No.2 Chandranagar",
          "slug": "no-2-chandranagar",
          "pin": "799102"
        },
        {
          "name": "Nabasantiganj Bazar",
          "slug": "nabasantiganj-bazar",
          "pin": "799102"
        },
        {
          "name": "Nalchar",
          "slug": "nalchar",
          "pin": "799115"
        },
        {
          "name": "Nidaya BO",
          "slug": "nidaya-bo",
          "pin": "799131"
        },
        {
          "name": "Nirvoypur",
          "slug": "nirvoypur",
          "pin": "799132"
        }
      ],
      "P": [
        {
          "name": "Purba Laxmi Bill",
          "slug": "purba-laxmi-bill",
          "pin": "799102"
        },
        {
          "name": "Purathalrajnagar",
          "slug": "purathalrajnagar",
          "pin": "799102"
        },
        {
          "name": "Purba Gokulnagar",
          "slug": "purba-gokulnagar",
          "pin": "799102"
        },
        {
          "name": "Putia",
          "slug": "putia",
          "pin": "799102"
        },
        {
          "name": "Pathaliaghat",
          "slug": "pathaliaghat",
          "pin": "799103"
        },
        {
          "name": "Promodenagar",
          "slug": "promodenagar",
          "pin": "799103"
        },
        {
          "name": "Padmanagar",
          "slug": "padmanagar",
          "pin": "799103"
        }
      ],
      "V": [
        {
          "name": "Veluarchar",
          "slug": "veluarchar",
          "pin": "799102"
        }
      ],
      "W": [
        {
          "name": "West Laxmibill",
          "slug": "west-laxmibill",
          "pin": "799102"
        },
        {
          "name": "West Nalchar",
          "slug": "west-nalchar",
          "pin": "799115"
        }
      ],
      "B": [
        {
          "name": "Boxonagar",
          "slug": "boxonagar",
          "pin": "799102"
        },
        {
          "name": "Brajapur",
          "slug": "brajapur",
          "pin": "799102"
        },
        {
          "name": "Bishalgarh",
          "slug": "bishalgarh",
          "pin": "799102"
        },
        {
          "name": "Bagmara",
          "slug": "bagmara",
          "pin": "799103"
        },
        {
          "name": "Barjala",
          "slug": "barjala",
          "pin": "799103"
        },
        {
          "name": "Bishramganj",
          "slug": "bishramganj",
          "pin": "799103"
        },
        {
          "name": "Bagabassa",
          "slug": "bagabassa",
          "pin": "799115"
        },
        {
          "name": "Bardwal",
          "slug": "bardwal",
          "pin": "799115"
        },
        {
          "name": "Battali",
          "slug": "battali",
          "pin": "799115"
        },
        {
          "name": "Bejimara",
          "slug": "bejimara",
          "pin": "799131"
        },
        {
          "name": "Bhabanipur",
          "slug": "bhabanipur",
          "pin": "799132"
        }
      ],
      "G": [
        {
          "name": "Gazaria",
          "slug": "gazaria",
          "pin": "799102"
        },
        {
          "name": "Golaghati",
          "slug": "golaghati",
          "pin": "799102"
        },
        {
          "name": "Goliraibari",
          "slug": "goliraibari",
          "pin": "799103"
        }
      ],
      "R": [
        {
          "name": "Rokhia G.T Project",
          "slug": "rokhia-g-t-project",
          "pin": "799102"
        },
        {
          "name": "Rohimpur",
          "slug": "rohimpur",
          "pin": "799102"
        },
        {
          "name": "Ramnagar Bazar",
          "slug": "ramnagar-bazar",
          "pin": "799103"
        },
        {
          "name": "Rangamala Bazar",
          "slug": "rangamala-bazar",
          "pin": "799103"
        },
        {
          "name": "Rudijala",
          "slug": "rudijala",
          "pin": "799115"
        },
        {
          "name": "Rabindranagar Colony",
          "slug": "rabindranagar-colony",
          "pin": "799131"
        }
      ],
      "D": [
        {
          "name": "Dhajanagar",
          "slug": "dhajanagar",
          "pin": "799102"
        },
        {
          "name": "Durlavnarayan",
          "slug": "durlavnarayan",
          "pin": "799115"
        },
        {
          "name": "Durgapur",
          "slug": "durgapur",
          "pin": "799131"
        },
        {
          "name": "Dhanirampur",
          "slug": "dhanirampur",
          "pin": "799131"
        },
        {
          "name": "Dhanpur",
          "slug": "dhanpur",
          "pin": "799131"
        }
      ],
      "M": [
        {
          "name": "Madhupur",
          "slug": "madhupur",
          "pin": "799102"
        },
        {
          "name": "Melaghar",
          "slug": "melaghar",
          "pin": "799115"
        },
        {
          "name": "Matinagar",
          "slug": "matinagar",
          "pin": "799131"
        },
        {
          "name": "Maheshpur",
          "slug": "maheshpur",
          "pin": "799132"
        },
        {
          "name": "Manaipathar",
          "slug": "manaipathar",
          "pin": "799132"
        }
      ],
      "H": [
        {
          "name": "Harishnagar T.E.",
          "slug": "harishnagar-t-e",
          "pin": "799102"
        }
      ],
      "C": [
        {
          "name": "Charilam",
          "slug": "charilam",
          "pin": "799103"
        },
        {
          "name": "Chechrimile",
          "slug": "chechrimile",
          "pin": "799103"
        },
        {
          "name": "Chandigarh",
          "slug": "chandigarh",
          "pin": "799115"
        },
        {
          "name": "Chowmouhani",
          "slug": "chowmouhani",
          "pin": "799115"
        }
      ],
      "A": [
        {
          "name": "Amarendranagar",
          "slug": "amarendranagar",
          "pin": "799103"
        }
      ],
      "I": [
        {
          "name": "Induria",
          "slug": "induria",
          "pin": "799131"
        }
      ]
    },
    "Gomati": {
      "D": [
        {
          "name": "Dakshin Maharani",
          "slug": "dakshin-maharani",
          "pin": "799013"
        },
        {
          "name": "Dakshin Chandrapur",
          "slug": "dakshin-chandrapur",
          "pin": "799013"
        },
        {
          "name": "Debbari",
          "slug": "debbari",
          "pin": "799101"
        },
        {
          "name": "Dhanlekha",
          "slug": "dhanlekha",
          "pin": "799101"
        },
        {
          "name": "Dakshin taidu",
          "slug": "dakshin-taidu",
          "pin": "799101"
        },
        {
          "name": "Dumburnagar",
          "slug": "dumburnagar",
          "pin": "799104"
        },
        {
          "name": "Dhuptali",
          "slug": "dhuptali",
          "pin": "799105"
        }
      ],
      "H": [
        {
          "name": "Holakhet",
          "slug": "holakhet",
          "pin": "799013"
        },
        {
          "name": "Hadra",
          "slug": "hadra",
          "pin": "799105"
        }
      ],
      "M": [
        {
          "name": "Maharani",
          "slug": "maharani",
          "pin": "799013"
        },
        {
          "name": "Matabari",
          "slug": "matabari",
          "pin": "799013"
        },
        {
          "name": "Murapara",
          "slug": "murapara",
          "pin": "799013"
        },
        {
          "name": "Malbassa",
          "slug": "malbassa",
          "pin": "799101"
        },
        {
          "name": "Mahuamillan",
          "slug": "mahuamillan",
          "pin": "799101"
        },
        {
          "name": "Mogpuskarini",
          "slug": "mogpuskarini",
          "pin": "799105"
        },
        {
          "name": "Mohanbhog",
          "slug": "mohanbhog",
          "pin": "799105"
        },
        {
          "name": "Manikya",
          "slug": "manikya",
          "pin": "799114"
        }
      ],
      "F": [
        {
          "name": "Fulkumari",
          "slug": "fulkumari",
          "pin": "799013"
        }
      ],
      "J": [
        {
          "name": "Jamjuri",
          "slug": "jamjuri",
          "pin": "799013"
        },
        {
          "name": "Joalikhamar",
          "slug": "joalikhamar",
          "pin": "799013"
        },
        {
          "name": "Jalaya",
          "slug": "jalaya",
          "pin": "799104"
        },
        {
          "name": "Jatanbari",
          "slug": "jatanbari",
          "pin": "799104"
        },
        {
          "name": "Jitendranagar",
          "slug": "jitendranagar",
          "pin": "799105"
        }
      ],
      "L": [
        {
          "name": "Lakshipati",
          "slug": "lakshipati",
          "pin": "799013"
        },
        {
          "name": "Lebacherra",
          "slug": "lebacherra",
          "pin": "799104"
        }
      ],
      "A": [
        {
          "name": "Abani Reangpara",
          "slug": "abani-reangpara",
          "pin": "799013"
        },
        {
          "name": "Ampinagar",
          "slug": "ampinagar",
          "pin": "799101"
        },
        {
          "name": "Amarpur  (South Tripura)",
          "slug": "amarpur-south-tripura",
          "pin": "799101"
        }
      ],
      "G": [
        {
          "name": "Gamakubari",
          "slug": "gamakubari",
          "pin": "799101"
        },
        {
          "name": "Ghorakappa",
          "slug": "ghorakappa",
          "pin": "799104"
        },
        {
          "name": "Garjanmura",
          "slug": "garjanmura",
          "pin": "799113"
        },
        {
          "name": "Gakulpur",
          "slug": "gakulpur",
          "pin": "799114"
        },
        {
          "name": "Gangacherra",
          "slug": "gangacherra",
          "pin": "799125"
        },
        {
          "name": "Garjee",
          "slug": "garjee",
          "pin": "799125"
        }
      ],
      "K": [
        {
          "name": "Kurma",
          "slug": "kurma",
          "pin": "799101"
        },
        {
          "name": "Karbook",
          "slug": "karbook",
          "pin": "799104"
        },
        {
          "name": "Kusumara",
          "slug": "kusumara",
          "pin": "799105"
        },
        {
          "name": "Kamrangatali",
          "slug": "kamrangatali",
          "pin": "799105"
        },
        {
          "name": "Kishoreganj",
          "slug": "kishoreganj",
          "pin": "799105"
        },
        {
          "name": "Kakraban",
          "slug": "kakraban",
          "pin": "799105"
        },
        {
          "name": "Kupilong",
          "slug": "kupilong",
          "pin": "799113"
        },
        {
          "name": "Killarbazar",
          "slug": "killarbazar",
          "pin": "799114"
        },
        {
          "name": "Khilpara",
          "slug": "khilpara",
          "pin": "799114"
        },
        {
          "name": "Kalabon",
          "slug": "kalabon",
          "pin": "799125"
        }
      ],
      "N": [
        {
          "name": "Nagrai",
          "slug": "nagrai",
          "pin": "799101"
        }
      ],
      "P": [
        {
          "name": "Palku",
          "slug": "palku",
          "pin": "799101"
        },
        {
          "name": "Paharpur",
          "slug": "paharpur",
          "pin": "799101"
        },
        {
          "name": "Purba Manikya Dewan",
          "slug": "purba-manikya-dewan",
          "pin": "799104"
        },
        {
          "name": "Paticherri",
          "slug": "paticherri",
          "pin": "799104"
        },
        {
          "name": "Palatana",
          "slug": "palatana",
          "pin": "799105"
        },
        {
          "name": "Paschim Mogpuskarini",
          "slug": "paschim-mogpuskarini",
          "pin": "799105"
        },
        {
          "name": "Pitra Bazar",
          "slug": "pitra-bazar",
          "pin": "799114"
        },
        {
          "name": "Paikhola",
          "slug": "paikhola",
          "pin": "799125"
        },
        {
          "name": "Paschim Paticherri Colony",
          "slug": "paschim-paticherri-colony",
          "pin": "799125"
        }
      ],
      "R": [
        {
          "name": "Rangamati",
          "slug": "rangamati",
          "pin": "799101"
        },
        {
          "name": "Rangkhang",
          "slug": "rangkhang",
          "pin": "799101"
        },
        {
          "name": "Raima",
          "slug": "raima",
          "pin": "799104"
        },
        {
          "name": "Rani",
          "slug": "rani",
          "pin": "799105"
        },
        {
          "name": "Raiyabari",
          "slug": "raiyabari",
          "pin": "799114"
        },
        {
          "name": "Rajarbag",
          "slug": "rajarbag",
          "pin": "799114"
        },
        {
          "name": "Rajnagar Colony",
          "slug": "rajnagar-colony",
          "pin": "799114"
        },
        {
          "name": "Radhakishorepur",
          "slug": "radhakishorepur",
          "pin": "799120"
        },
        {
          "name": "Rajapur",
          "slug": "rajapur",
          "pin": "799125"
        }
      ],
      "B": [
        {
          "name": "Bampur",
          "slug": "bampur",
          "pin": "799101"
        },
        {
          "name": "Boalkhali",
          "slug": "boalkhali",
          "pin": "799104"
        },
        {
          "name": "Barbil",
          "slug": "barbil",
          "pin": "799104"
        },
        {
          "name": "Bazar Amtali",
          "slug": "bazar-amtali",
          "pin": "799105"
        },
        {
          "name": "Bagma",
          "slug": "bagma",
          "pin": "799113"
        }
      ],
      "C": [
        {
          "name": "Chechuajamatiabari",
          "slug": "chechuajamatiabari",
          "pin": "799101"
        },
        {
          "name": "Chellagong",
          "slug": "chellagong",
          "pin": "799101"
        },
        {
          "name": "Chandul",
          "slug": "chandul",
          "pin": "799105"
        }
      ],
      "S": [
        {
          "name": "Sarbong",
          "slug": "sarbong",
          "pin": "799101"
        },
        {
          "name": "Silacharri",
          "slug": "silacharri",
          "pin": "799104"
        },
        {
          "name": "Suknacherri",
          "slug": "suknacherri",
          "pin": "799104"
        },
        {
          "name": "Silghati",
          "slug": "silghati",
          "pin": "799105"
        },
        {
          "name": "Samukcherra",
          "slug": "samukcherra",
          "pin": "799105"
        },
        {
          "name": "Salgarah",
          "slug": "salgarah",
          "pin": "799114"
        }
      ],
      "T": [
        {
          "name": "Taidubari",
          "slug": "taidubari",
          "pin": "799101"
        },
        {
          "name": "Tirthamukh",
          "slug": "tirthamukh",
          "pin": "799104"
        },
        {
          "name": "Tuichama",
          "slug": "tuichama",
          "pin": "799104"
        },
        {
          "name": "Taibandal",
          "slug": "taibandal",
          "pin": "799105"
        },
        {
          "name": "Tepania",
          "slug": "tepania",
          "pin": "799113"
        },
        {
          "name": "Thelakum",
          "slug": "thelakum",
          "pin": "799114"
        },
        {
          "name": "Tainani",
          "slug": "tainani",
          "pin": "799125"
        },
        {
          "name": "Takmacherra",
          "slug": "takmacherra",
          "pin": "799125"
        }
      ],
      "U": [
        {
          "name": "Uttar Chellagonj",
          "slug": "uttar-chellagonj",
          "pin": "799104"
        },
        {
          "name": "Upendranagar",
          "slug": "upendranagar",
          "pin": "799105"
        },
        {
          "name": "Uttar Brojendranagar",
          "slug": "uttar-brojendranagar",
          "pin": "799114"
        }
      ],
      "I": [
        {
          "name": "Ichacherra",
          "slug": "ichacherra",
          "pin": "799105"
        },
        {
          "name": "IDC Radhakishorepur HO",
          "slug": "idc-radhakishorepur-ho",
          "pin": "799120"
        }
      ],
      "E": [
        {
          "name": "East Mirza",
          "slug": "east-mirza",
          "pin": "799105"
        },
        {
          "name": "East Bagabassa",
          "slug": "east-bagabassa",
          "pin": "799113"
        }
      ]
    },
    "South Tripura": {
      "D": [
        {
          "name": "Debdaru Bazar",
          "slug": "debdaru-bazar",
          "pin": "799141"
        },
        {
          "name": "Dakshin Hichacherri",
          "slug": "dakshin-hichacherri",
          "pin": "799141"
        },
        {
          "name": "Dakshin Manubankul",
          "slug": "dakshin-manubankul",
          "pin": "799143"
        },
        {
          "name": "Dakshin Fulcherri",
          "slug": "dakshin-fulcherri",
          "pin": "799143"
        },
        {
          "name": "Doulbari",
          "slug": "doulbari",
          "pin": "799145"
        },
        {
          "name": "Dakshin Sonaicharri",
          "slug": "dakshin-sonaicharri",
          "pin": "799155"
        },
        {
          "name": "Debipur",
          "slug": "debipur",
          "pin": "799155"
        },
        {
          "name": "Dimatali",
          "slug": "dimatali",
          "pin": "799157"
        }
      ],
      "T": [
        {
          "name": "Thakurcherra",
          "slug": "thakurcherra",
          "pin": "799141"
        }
      ],
      "J": [
        {
          "name": "Jolaibari",
          "slug": "jolaibari",
          "pin": "799141"
        },
        {
          "name": "Jalefa Bazar",
          "slug": "jalefa-bazar",
          "pin": "799145"
        }
      ],
      "M": [
        {
          "name": "Madhya Pillak",
          "slug": "madhya-pillak",
          "pin": "799141"
        },
        {
          "name": "Muhuri Ratanpur",
          "slug": "muhuri-ratanpur",
          "pin": "799142"
        },
        {
          "name": "Muhuripur",
          "slug": "muhuripur",
          "pin": "799142"
        },
        {
          "name": "Manubazar",
          "slug": "manubazar",
          "pin": "799143"
        },
        {
          "name": "Magurcherra",
          "slug": "magurcherra",
          "pin": "799143"
        },
        {
          "name": "Manpather",
          "slug": "manpather",
          "pin": "799144"
        },
        {
          "name": "Matai",
          "slug": "matai",
          "pin": "799155"
        },
        {
          "name": "Madhabnagar",
          "slug": "madhabnagar",
          "pin": "799156"
        }
      ],
      "P": [
        {
          "name": "Paschim Pillak",
          "slug": "paschim-pillak",
          "pin": "799141"
        },
        {
          "name": "Poangbari",
          "slug": "poangbari",
          "pin": "799143"
        },
        {
          "name": "Purba Manu",
          "slug": "purba-manu",
          "pin": "799144"
        },
        {
          "name": "Paschim Pipariakhola",
          "slug": "paschim-pipariakhola",
          "pin": "799155"
        },
        {
          "name": "Puran Rajbari",
          "slug": "puran-rajbari",
          "pin": "799157"
        }
      ],
      "S": [
        {
          "name": "Sakbari",
          "slug": "sakbari",
          "pin": "799141"
        },
        {
          "name": "Srinagar",
          "slug": "srinagar",
          "pin": "799143"
        },
        {
          "name": "Sindukpathar",
          "slug": "sindukpathar",
          "pin": "799143"
        },
        {
          "name": "Satchand",
          "slug": "satchand",
          "pin": "799143"
        },
        {
          "name": "Santirbazar",
          "slug": "santirbazar",
          "pin": "799144"
        },
        {
          "name": "Sabroom",
          "slug": "sabroom",
          "pin": "799145"
        },
        {
          "name": "Sonaicherri",
          "slug": "sonaicherri",
          "pin": "799145"
        },
        {
          "name": "South Bharat Ch.Nagar",
          "slug": "south-bharat-ch-nagar",
          "pin": "799155"
        },
        {
          "name": "Subashnagar",
          "slug": "subashnagar",
          "pin": "799155"
        },
        {
          "name": "Sarasima",
          "slug": "sarasima",
          "pin": "799155"
        },
        {
          "name": "South Krishnagar",
          "slug": "south-krishnagar",
          "pin": "799156"
        },
        {
          "name": "Samarendraganj",
          "slug": "samarendraganj",
          "pin": "799156"
        },
        {
          "name": "Siddhinagar",
          "slug": "siddhinagar",
          "pin": "799157"
        },
        {
          "name": "South srirampur",
          "slug": "south-srirampur",
          "pin": "799157"
        }
      ],
      "K": [
        {
          "name": "Kalashi Bazar",
          "slug": "kalashi-bazar",
          "pin": "799141"
        },
        {
          "name": "Kwaifung",
          "slug": "kwaifung",
          "pin": "799141"
        },
        {
          "name": "Kathaliacherra",
          "slug": "kathaliacherra",
          "pin": "799144"
        },
        {
          "name": "Kanchannagar",
          "slug": "kanchannagar",
          "pin": "799144"
        },
        {
          "name": "Kathalcherri",
          "slug": "kathalcherri",
          "pin": "799145"
        },
        {
          "name": "Kasari",
          "slug": "kasari",
          "pin": "799150"
        }
      ],
      "C": [
        {
          "name": "Charakbai",
          "slug": "charakbai",
          "pin": "799142"
        },
        {
          "name": "Chalitacherra",
          "slug": "chalitacherra",
          "pin": "799145"
        },
        {
          "name": "Chittamara",
          "slug": "chittamara",
          "pin": "799155"
        },
        {
          "name": "Chottakhola",
          "slug": "chottakhola",
          "pin": "799157"
        }
      ],
      "B": [
        {
          "name": "Bhuratali",
          "slug": "bhuratali",
          "pin": "799143"
        },
        {
          "name": "Bishnupur",
          "slug": "bishnupur",
          "pin": "799143"
        },
        {
          "name": "Bagafa",
          "slug": "bagafa",
          "pin": "799144"
        },
        {
          "name": "Baikhora",
          "slug": "baikhora",
          "pin": "799144"
        },
        {
          "name": "Betaga",
          "slug": "betaga",
          "pin": "799144"
        },
        {
          "name": "Baishnabpur",
          "slug": "baishnabpur",
          "pin": "799145"
        },
        {
          "name": "Bijoynagar",
          "slug": "bijoynagar",
          "pin": "799145"
        },
        {
          "name": "Beloniya",
          "slug": "beloniya",
          "pin": "799155"
        },
        {
          "name": "Belonia aerodrome",
          "slug": "belonia-aerodrome",
          "pin": "799155"
        },
        {
          "name": "Baspadua",
          "slug": "baspadua",
          "pin": "799155"
        },
        {
          "name": "Barpathari",
          "slug": "barpathari",
          "pin": "799155"
        }
      ],
      "A": [
        {
          "name": "Amlighat",
          "slug": "amlighat",
          "pin": "799143"
        },
        {
          "name": "Abhoyganj Bazar",
          "slug": "abhoyganj-bazar",
          "pin": "799155"
        },
        {
          "name": "Anandapur  (South Tripura)",
          "slug": "anandapur-south-tripura",
          "pin": "799157"
        }
      ],
      "G": [
        {
          "name": "Guachand",
          "slug": "guachand",
          "pin": "799143"
        },
        {
          "name": "Gouranga Bazar",
          "slug": "gouranga-bazar",
          "pin": "799157"
        },
        {
          "name": "Gabtali",
          "slug": "gabtali",
          "pin": "799157"
        }
      ],
      "U": [
        {
          "name": "Urrat Takmacherra",
          "slug": "urrat-takmacherra",
          "pin": "799144"
        },
        {
          "name": "Uttar Debipur",
          "slug": "uttar-debipur",
          "pin": "799144"
        },
        {
          "name": "Uttar Sonaicherri",
          "slug": "uttar-sonaicherri",
          "pin": "799155"
        },
        {
          "name": "Uttar Bharat Ch Nagar",
          "slug": "uttar-bharat-ch-nagar",
          "pin": "799155"
        }
      ],
      "L": [
        {
          "name": "Lowgang",
          "slug": "lowgang",
          "pin": "799144"
        },
        {
          "name": "Laxmicherra",
          "slug": "laxmicherra",
          "pin": "799144"
        },
        {
          "name": "Ludhua",
          "slug": "ludhua",
          "pin": "799145"
        },
        {
          "name": "Ludhua Tea Estate",
          "slug": "ludhua-tea-estate",
          "pin": "799145"
        }
      ],
      "E": [
        {
          "name": "East Bagafa",
          "slug": "east-bagafa",
          "pin": "799144"
        }
      ],
      "R": [
        {
          "name": "Radhakishoreganj",
          "slug": "radhakishoreganj",
          "pin": "799144"
        },
        {
          "name": "Rupaicherri",
          "slug": "rupaicherri",
          "pin": "799145"
        },
        {
          "name": "Rajnagar  (South Tripura)",
          "slug": "rajnagar-south-tripura",
          "pin": "799150"
        },
        {
          "name": "Radhanagar  (West Tripura)",
          "slug": "radhanagar-west-tripura",
          "pin": "799153"
        },
        {
          "name": "Rangamura",
          "slug": "rangamura",
          "pin": "799153"
        }
      ],
      "H": [
        {
          "name": "Harina Bazar",
          "slug": "harina-bazar",
          "pin": "799145"
        },
        {
          "name": "Harbatali",
          "slug": "harbatali",
          "pin": "799145"
        },
        {
          "name": "Hrishyamukh",
          "slug": "hrishyamukh",
          "pin": "799156"
        }
      ],
      "N": [
        {
          "name": "Nalua",
          "slug": "nalua",
          "pin": "799156"
        }
      ]
    },
    "Khowai": {
      "B": [
        {
          "name": "Behalabari",
          "slug": "behalabari",
          "pin": "799201"
        },
        {
          "name": "Banbazar",
          "slug": "banbazar",
          "pin": "799201"
        },
        {
          "name": "Bachaibari",
          "slug": "bachaibari",
          "pin": "799201"
        },
        {
          "name": "Belcherra",
          "slug": "belcherra",
          "pin": "799201"
        },
        {
          "name": "Barmaidan Bazar",
          "slug": "barmaidan-bazar",
          "pin": "799203"
        },
        {
          "name": "Barmura Project",
          "slug": "barmura-project",
          "pin": "799205"
        },
        {
          "name": "Brahmacherra",
          "slug": "brahmacherra",
          "pin": "799205"
        },
        {
          "name": "Baijalbari",
          "slug": "baijalbari",
          "pin": "799207"
        },
        {
          "name": "Bharatsardarbari",
          "slug": "bharatsardarbari",
          "pin": "799207"
        }
      ],
      "G": [
        {
          "name": "Ganki",
          "slug": "ganki",
          "pin": "799201"
        },
        {
          "name": "Gakulbari",
          "slug": "gakulbari",
          "pin": "799201"
        },
        {
          "name": "Ghilatali",
          "slug": "ghilatali",
          "pin": "799203"
        },
        {
          "name": "Golabari",
          "slug": "golabari",
          "pin": "799205"
        },
        {
          "name": "Gouranga Tilla",
          "slug": "gouranga-tilla",
          "pin": "799207"
        }
      ],
      "S": [
        {
          "name": "Samatal Padmabil",
          "slug": "samatal-padmabil",
          "pin": "799201"
        },
        {
          "name": "Singicherra",
          "slug": "singicherra",
          "pin": "799201"
        },
        {
          "name": "Subashpark",
          "slug": "subashpark",
          "pin": "799201"
        },
        {
          "name": "Sonatala",
          "slug": "sonatala",
          "pin": "799207"
        }
      ],
      "K": [
        {
          "name": "Khowai",
          "slug": "khowai",
          "pin": "799201"
        },
        {
          "name": "Karingicherra",
          "slug": "karingicherra",
          "pin": "799201"
        },
        {
          "name": "Khowai T. E",
          "slug": "khowai-t-e",
          "pin": "799201"
        },
        {
          "name": "Khowai Court",
          "slug": "khowai-court",
          "pin": "799202"
        },
        {
          "name": "Kalyanpur  (West Tripura)",
          "slug": "kalyanpur-west-tripura",
          "pin": "799203"
        },
        {
          "name": "Kalyanpur T. E",
          "slug": "kalyanpur-t-e",
          "pin": "799203"
        },
        {
          "name": "Kalitilla",
          "slug": "kalitilla",
          "pin": "799205"
        },
        {
          "name": "Karailong",
          "slug": "karailong",
          "pin": "799205"
        },
        {
          "name": "Khasiamangal",
          "slug": "khasiamangal",
          "pin": "799205"
        }
      ],
      "E": [
        {
          "name": "East Bachaibari",
          "slug": "east-bachaibari",
          "pin": "799201"
        }
      ],
      "P": [
        {
          "name": "Paharmora",
          "slug": "paharmora",
          "pin": "799201"
        },
        {
          "name": "Paschim Belcherra",
          "slug": "paschim-belcherra",
          "pin": "799201"
        },
        {
          "name": "Paschim Laxmicherra",
          "slug": "paschim-laxmicherra",
          "pin": "799201"
        },
        {
          "name": "Paschim Santinagar",
          "slug": "paschim-santinagar",
          "pin": "799203"
        },
        {
          "name": "Paschim Kalyanpur",
          "slug": "paschim-kalyanpur",
          "pin": "799203"
        },
        {
          "name": "Paschim Kunjaban",
          "slug": "paschim-kunjaban",
          "pin": "799203"
        },
        {
          "name": "Paglabari",
          "slug": "paglabari",
          "pin": "799207"
        }
      ],
      "A": [
        {
          "name": "Agagartilla",
          "slug": "agagartilla",
          "pin": "799201"
        },
        {
          "name": "Asharambari",
          "slug": "asharambari",
          "pin": "799201"
        },
        {
          "name": "Ataromura",
          "slug": "ataromura",
          "pin": "799205"
        }
      ],
      "C": [
        {
          "name": "Champahaor",
          "slug": "champahaor",
          "pin": "799201"
        },
        {
          "name": "Chakmaghat",
          "slug": "chakmaghat",
          "pin": "799205"
        },
        {
          "name": "Chebri",
          "slug": "chebri",
          "pin": "799207"
        },
        {
          "name": "Chankhala",
          "slug": "chankhala",
          "pin": "799207"
        }
      ],
      "R": [
        {
          "name": "Ratanpurbazar",
          "slug": "ratanpurbazar",
          "pin": "799201"
        },
        {
          "name": "Ramdayal Lendless Colony",
          "slug": "ramdayal-lendless-colony",
          "pin": "799203"
        },
        {
          "name": "Ratia",
          "slug": "ratia",
          "pin": "799203"
        },
        {
          "name": "Rupacherra",
          "slug": "rupacherra",
          "pin": "799205"
        },
        {
          "name": "Rajnagar Khowai",
          "slug": "rajnagar-khowai",
          "pin": "799207"
        },
        {
          "name": "Ramchandraghat",
          "slug": "ramchandraghat",
          "pin": "799207"
        },
        {
          "name": "RAMKRISHNABARI",
          "slug": "ramkrishnabari",
          "pin": "799207"
        }
      ],
      "D": [
        {
          "name": "Durgapur",
          "slug": "durgapur",
          "pin": "799203"
        },
        {
          "name": "Dakshin Promode L. L.Colony",
          "slug": "dakshin-promode-l-l-colony",
          "pin": "799203"
        },
        {
          "name": "Dwarikapur",
          "slug": "dwarikapur",
          "pin": "799203"
        }
      ],
      "T": [
        {
          "name": "Tablabari",
          "slug": "tablabari",
          "pin": "799203"
        },
        {
          "name": "Teliamura",
          "slug": "teliamura",
          "pin": "799205"
        }
      ],
      "U": [
        {
          "name": "Uttat Pulinpur",
          "slug": "uttat-pulinpur",
          "pin": "799203"
        },
        {
          "name": "Uttar Gakulnagar",
          "slug": "uttar-gakulnagar",
          "pin": "799205"
        },
        {
          "name": "Uttarchebri",
          "slug": "uttarchebri",
          "pin": "799207"
        }
      ],
      "M": [
        {
          "name": "Moharcherra",
          "slug": "moharcherra",
          "pin": "799203"
        },
        {
          "name": "Maigonga",
          "slug": "maigonga",
          "pin": "799205"
        },
        {
          "name": "Mongtukupara",
          "slug": "mongtukupara",
          "pin": "799205"
        },
        {
          "name": "Maharanipur",
          "slug": "maharanipur",
          "pin": "799205"
        }
      ],
      "H": [
        {
          "name": "Hadrai",
          "slug": "hadrai",
          "pin": "799205"
        },
        {
          "name": "Howaibari",
          "slug": "howaibari",
          "pin": "799205"
        }
      ],
      "N": [
        {
          "name": "Netajinagar",
          "slug": "netajinagar",
          "pin": "799205"
        },
        {
          "name": "Nunacherra",
          "slug": "nunacherra",
          "pin": "799205"
        },
        {
          "name": "Nabakumar Rankhal Para",
          "slug": "nabakumar-rankhal-para",
          "pin": "799205"
        }
      ],
      "J": [
        {
          "name": "JAGNA KOBRABARI (PART)",
          "slug": "jagna-kobrabari-part",
          "pin": "799207"
        }
      ]
    },
    "Dhalai": {
      "B": [
        {
          "name": "Balarambazar",
          "slug": "balarambazar",
          "pin": "799204"
        },
        {
          "name": "Betcherra",
          "slug": "betcherra",
          "pin": "799266"
        },
        {
          "name": "Bindulal Karbaripara",
          "slug": "bindulal-karbaripara",
          "pin": "799273"
        },
        {
          "name": "Bhagirathpara",
          "slug": "bhagirathpara",
          "pin": "799284"
        },
        {
          "name": "Bullongbassa",
          "slug": "bullongbassa",
          "pin": "799284"
        },
        {
          "name": "Bagaicherri",
          "slug": "bagaicherri",
          "pin": "799285"
        },
        {
          "name": "Baligaon",
          "slug": "baligaon",
          "pin": "799285"
        },
        {
          "name": "Baralutma",
          "slug": "baralutma",
          "pin": "799286"
        },
        {
          "name": "BALUCHHARA",
          "slug": "baluchhara",
          "pin": "799289"
        },
        {
          "name": "BATABARI",
          "slug": "batabari",
          "pin": "799289"
        }
      ],
      "N": [
        {
          "name": "Nalicherra",
          "slug": "nalicherra",
          "pin": "799204"
        },
        {
          "name": "Natinmanu",
          "slug": "natinmanu",
          "pin": "799273"
        },
        {
          "name": "Noagoan",
          "slug": "noagoan",
          "pin": "799285"
        },
        {
          "name": "Nagbangshi",
          "slug": "nagbangshi",
          "pin": "799287"
        }
      ],
      "K": [
        {
          "name": "Kulaibazar",
          "slug": "kulaibazar",
          "pin": "799204"
        },
        {
          "name": "Kanchancherra",
          "slug": "kanchancherra",
          "pin": "799266"
        },
        {
          "name": "Karamcherra",
          "slug": "karamcherra",
          "pin": "799266"
        },
        {
          "name": "Karatichesdrra",
          "slug": "karatichesdrra",
          "pin": "799275"
        },
        {
          "name": "Kachucherra",
          "slug": "kachucherra",
          "pin": "799278"
        },
        {
          "name": "KHEDERKOT",
          "slug": "khederkot",
          "pin": "799284"
        },
        {
          "name": "Kamalpur  (Dhalai)",
          "slug": "kamalpur-dhalai",
          "pin": "799285"
        },
        {
          "name": "Katalutma",
          "slug": "katalutma",
          "pin": "799286"
        },
        {
          "name": "Kamalpur Aerodrome",
          "slug": "kamalpur-aerodrome",
          "pin": "799287"
        },
        {
          "name": "Kuchainala",
          "slug": "kuchainala",
          "pin": "799287"
        },
        {
          "name": "Kanchanpur Colony",
          "slug": "kanchanpur-colony",
          "pin": "799289"
        },
        {
          "name": "Kamalacherra",
          "slug": "kamalacherra",
          "pin": "799289"
        },
        {
          "name": "Karnamunipara",
          "slug": "karnamunipara",
          "pin": "799289"
        }
      ],
      "W": [
        {
          "name": "West Nalkata",
          "slug": "west-nalkata",
          "pin": "799266"
        }
      ],
      "P": [
        {
          "name": "Purba Betcherra",
          "slug": "purba-betcherra",
          "pin": "799266"
        },
        {
          "name": "Paschim Dalucherra",
          "slug": "paschim-dalucherra",
          "pin": "799278"
        },
        {
          "name": "PURBA KALYANSINGPARA",
          "slug": "purba-kalyansingpara",
          "pin": "799284"
        },
        {
          "name": "PUSTARAIPARA",
          "slug": "pustaraipara",
          "pin": "799289"
        }
      ],
      "D": [
        {
          "name": "Durgacherra",
          "slug": "durgacherra",
          "pin": "799273"
        },
        {
          "name": "DEBCHHARA",
          "slug": "debchhara",
          "pin": "799273"
        },
        {
          "name": "Dhumacherra",
          "slug": "dhumacherra",
          "pin": "799275"
        },
        {
          "name": "Demchedrra Colony",
          "slug": "demchedrra-colony",
          "pin": "799275"
        },
        {
          "name": "DANGAMAPARA",
          "slug": "dangamapara",
          "pin": "799284"
        },
        {
          "name": "Dalapatipara",
          "slug": "dalapatipara",
          "pin": "799284"
        },
        {
          "name": "Durga Chowmuhani BO",
          "slug": "durga-chowmuhani-bo",
          "pin": "799286"
        }
      ],
      "M": [
        {
          "name": "Manikpur",
          "slug": "manikpur",
          "pin": "799273"
        },
        {
          "name": "Mainerma",
          "slug": "mainerma",
          "pin": "799275"
        },
        {
          "name": "Maslicherra",
          "slug": "maslicherra",
          "pin": "799275"
        },
        {
          "name": "Manughat",
          "slug": "manughat",
          "pin": "799275"
        },
        {
          "name": "Maharani Bus Stop",
          "slug": "maharani-bus-stop",
          "pin": "799278"
        },
        {
          "name": "Mechuria",
          "slug": "mechuria",
          "pin": "799278"
        },
        {
          "name": "Mendihaor",
          "slug": "mendihaor",
          "pin": "799278"
        },
        {
          "name": "Maracherra",
          "slug": "maracherra",
          "pin": "799285"
        },
        {
          "name": "Mahavir T.E.",
          "slug": "mahavir-t-e",
          "pin": "799286"
        },
        {
          "name": "Manikbhander",
          "slug": "manikbhander",
          "pin": "799287"
        }
      ],
      "L": [
        {
          "name": "LALCHHARA",
          "slug": "lalchhara",
          "pin": "799273"
        },
        {
          "name": "Laldingabari",
          "slug": "laldingabari",
          "pin": "799273"
        },
        {
          "name": "Longtharai",
          "slug": "longtharai",
          "pin": "799275"
        },
        {
          "name": "Laxmipur",
          "slug": "laxmipur",
          "pin": "799284"
        },
        {
          "name": "Lakraichowdhuripara",
          "slug": "lakraichowdhuripara",
          "pin": "799289"
        }
      ],
      "C": [
        {
          "name": "Chailengta",
          "slug": "chailengta",
          "pin": "799273"
        },
        {
          "name": "Chawmanu",
          "slug": "chawmanu",
          "pin": "799273"
        },
        {
          "name": "Chotosarma",
          "slug": "chotosarma",
          "pin": "799285"
        },
        {
          "name": "Chengkap",
          "slug": "chengkap",
          "pin": "799286"
        },
        {
          "name": "Chandraipara",
          "slug": "chandraipara",
          "pin": "799289"
        },
        {
          "name": "CHAKMAPARA",
          "slug": "chakmapara",
          "pin": "799289"
        }
      ],
      "E": [
        {
          "name": "East Masli",
          "slug": "east-masli",
          "pin": "799275"
        }
      ],
      "J": [
        {
          "name": "Jamircherra",
          "slug": "jamircherra",
          "pin": "799275"
        },
        {
          "name": "Jagabandhu Para",
          "slug": "jagabandhu-para",
          "pin": "799284"
        },
        {
          "name": "Jamthing",
          "slug": "jamthing",
          "pin": "799286"
        }
      ],
      "S": [
        {
          "name": "Sindhukumarpara",
          "slug": "sindhukumarpara",
          "pin": "799275"
        },
        {
          "name": "Salema",
          "slug": "salema",
          "pin": "799278"
        },
        {
          "name": "Sarma",
          "slug": "sarma",
          "pin": "799284"
        },
        {
          "name": "Singibill",
          "slug": "singibill",
          "pin": "799285"
        },
        {
          "name": "Srirampur Lambucherra",
          "slug": "srirampur-lambucherra",
          "pin": "799287"
        },
        {
          "name": "Sikaribari",
          "slug": "sikaribari",
          "pin": "799289"
        }
      ],
      "R": [
        {
          "name": "RATANNAGAR",
          "slug": "ratannagar",
          "pin": "799284"
        },
        {
          "name": "Ranipukur",
          "slug": "ranipukur",
          "pin": "799284"
        },
        {
          "name": "Ramdurlavpur",
          "slug": "ramdurlavpur",
          "pin": "799285"
        }
      ],
      "G": [
        {
          "name": "Garodtilla",
          "slug": "garodtilla",
          "pin": "799285"
        },
        {
          "name": "Ganganagar Tribalcolony",
          "slug": "ganganagar-tribalcolony",
          "pin": "799289"
        }
      ],
      "F": [
        {
          "name": "Fulcherri",
          "slug": "fulcherri",
          "pin": "799285"
        }
      ],
      "H": [
        {
          "name": "Halahali",
          "slug": "halahali",
          "pin": "799286"
        },
        {
          "name": "Harincherra",
          "slug": "harincherra",
          "pin": "799289"
        },
        {
          "name": "HARIMANGALPARA",
          "slug": "harimangalpara",
          "pin": "799289"
        }
      ],
      "A": [
        {
          "name": "Abhanga",
          "slug": "abhanga",
          "pin": "799286"
        },
        {
          "name": "Apareshkar",
          "slug": "apareshkar",
          "pin": "799286"
        },
        {
          "name": "Ambassa",
          "slug": "ambassa",
          "pin": "799289"
        }
      ]
    },
    "North Tripura": {
      "D": [
        {
          "name": "Dharmanagar",
          "slug": "dharmanagar",
          "pin": "799250"
        },
        {
          "name": "Dighalbak",
          "slug": "dighalbak",
          "pin": "799251"
        },
        {
          "name": "Dharmanagar Bazar",
          "slug": "dharmanagar-bazar",
          "pin": "799253"
        },
        {
          "name": "Dharmanagar College",
          "slug": "dharmanagar-college",
          "pin": "799253"
        },
        {
          "name": "Dhupirbond",
          "slug": "dhupirbond",
          "pin": "799253"
        },
        {
          "name": "Dewanpassa",
          "slug": "dewanpassa",
          "pin": "799254"
        },
        {
          "name": "Deocherra",
          "slug": "deocherra",
          "pin": "799260"
        },
        {
          "name": "Dasdabazar",
          "slug": "dasdabazar",
          "pin": "799271"
        }
      ],
      "B": [
        {
          "name": "Bakbaki",
          "slug": "bakbaki",
          "pin": "799251"
        },
        {
          "name": "Baruakandi",
          "slug": "baruakandi",
          "pin": "799251"
        },
        {
          "name": "Bhagyapur",
          "slug": "bhagyapur",
          "pin": "799251"
        },
        {
          "name": "Bagbassa",
          "slug": "bagbassa",
          "pin": "799253"
        },
        {
          "name": "Baithangbari",
          "slug": "baithangbari",
          "pin": "799254"
        },
        {
          "name": "Balidhum",
          "slug": "balidhum",
          "pin": "799254"
        },
        {
          "name": "Bilthai",
          "slug": "bilthai",
          "pin": "799260"
        },
        {
          "name": "Brajendranagar",
          "slug": "brajendranagar",
          "pin": "799261"
        },
        {
          "name": "Balicherra",
          "slug": "balicherra",
          "pin": "799262"
        },
        {
          "name": "Belianchief",
          "slug": "belianchief",
          "pin": "799269"
        },
        {
          "name": "Barhaldi",
          "slug": "barhaldi",
          "pin": "799271"
        }
      ],
      "I": [
        {
          "name": "Ichaisonapur",
          "slug": "ichaisonapur",
          "pin": "799251"
        },
        {
          "name": "Ichailalcherra",
          "slug": "ichailalcherra",
          "pin": "799251"
        },
        {
          "name": "Indurail",
          "slug": "indurail",
          "pin": "799260"
        }
      ],
      "N": [
        {
          "name": "Nayapara N.D",
          "slug": "nayapara-n-d",
          "pin": "799251"
        },
        {
          "name": "Narendranagar",
          "slug": "narendranagar",
          "pin": "799256"
        },
        {
          "name": "North Padmabil",
          "slug": "north-padmabil",
          "pin": "799260"
        },
        {
          "name": "Noagang",
          "slug": "noagang",
          "pin": "799260"
        }
      ],
      "P": [
        {
          "name": "Paschimchandrapur",
          "slug": "paschimchandrapur",
          "pin": "799251"
        },
        {
          "name": "Pratyekroy",
          "slug": "pratyekroy",
          "pin": "799251"
        },
        {
          "name": "Padmapur",
          "slug": "padmapur",
          "pin": "799253"
        },
        {
          "name": "Paschim Radhapur",
          "slug": "paschim-radhapur",
          "pin": "799254"
        },
        {
          "name": "Piplacherra",
          "slug": "piplacherra",
          "pin": "799256"
        },
        {
          "name": "Padmabil",
          "slug": "padmabil",
          "pin": "799260"
        },
        {
          "name": "Pekucherr",
          "slug": "pekucherr",
          "pin": "799260"
        },
        {
          "name": "Panisagar",
          "slug": "panisagar",
          "pin": "799260"
        },
        {
          "name": "Pearacherra",
          "slug": "pearacherra",
          "pin": "799261"
        },
        {
          "name": "Premtala",
          "slug": "premtala",
          "pin": "799261"
        },
        {
          "name": "Phuldengsai",
          "slug": "phuldengsai",
          "pin": "799269"
        }
      ],
      "C": [
        {
          "name": "Chandrapur  (North Tripura)",
          "slug": "chandrapur-north-tripura",
          "pin": "799251"
        },
        {
          "name": "Churaibari",
          "slug": "churaibari",
          "pin": "799262"
        },
        {
          "name": "Chhimluang",
          "slug": "chhimluang",
          "pin": "799269"
        }
      ],
      "S": [
        {
          "name": "Sakaibari",
          "slug": "sakaibari",
          "pin": "799251"
        },
        {
          "name": "Sonarurbassa",
          "slug": "sonarurbassa",
          "pin": "799251"
        },
        {
          "name": "South Ganganagar",
          "slug": "south-ganganagar",
          "pin": "799253"
        },
        {
          "name": "Sarala",
          "slug": "sarala",
          "pin": "799261"
        },
        {
          "name": "Sanicherra",
          "slug": "sanicherra",
          "pin": "799262"
        },
        {
          "name": "Sabual",
          "slug": "sabual",
          "pin": "799269"
        },
        {
          "name": "Sailo",
          "slug": "sailo",
          "pin": "799269"
        },
        {
          "name": "Sibnagar",
          "slug": "sibnagar",
          "pin": "799270"
        },
        {
          "name": "Satnala",
          "slug": "satnala",
          "pin": "799270"
        },
        {
          "name": "Suknacherra",
          "slug": "suknacherra",
          "pin": "799270"
        },
        {
          "name": "Sakhan Serhmun",
          "slug": "sakhan-serhmun",
          "pin": "799271"
        }
      ],
      "G": [
        {
          "name": "Gobindapur",
          "slug": "gobindapur",
          "pin": "799251"
        },
        {
          "name": "Garchirampara",
          "slug": "garchirampara",
          "pin": "799271"
        }
      ],
      "K": [
        {
          "name": "Kalacherra",
          "slug": "kalacherra",
          "pin": "799251"
        },
        {
          "name": "Kameswargaon",
          "slug": "kameswargaon",
          "pin": "799253"
        },
        {
          "name": "Krishnapur",
          "slug": "krishnapur",
          "pin": "799253"
        },
        {
          "name": "Kakrirpar",
          "slug": "kakrirpar",
          "pin": "799253"
        },
        {
          "name": "Kacharicherra",
          "slug": "kacharicherra",
          "pin": "799256"
        },
        {
          "name": "Khedacherra",
          "slug": "khedacherra",
          "pin": "799256"
        },
        {
          "name": "Kadamtala  (North Tripura)",
          "slug": "kadamtala-north-tripura",
          "pin": "799261"
        },
        {
          "name": "Kurit",
          "slug": "kurit",
          "pin": "799261"
        },
        {
          "name": "Kalagangar Par",
          "slug": "kalagangar-par",
          "pin": "799261"
        },
        {
          "name": "Kheranjuri",
          "slug": "kheranjuri",
          "pin": "799262"
        },
        {
          "name": "Kangrai",
          "slug": "kangrai",
          "pin": "799269"
        },
        {
          "name": "Kalagong",
          "slug": "kalagong",
          "pin": "799269"
        },
        {
          "name": "Konpui",
          "slug": "konpui",
          "pin": "799269"
        },
        {
          "name": "Kanchanpur  (North Tripura)",
          "slug": "kanchanpur-north-tripura",
          "pin": "799270"
        },
        {
          "name": "Kalapania",
          "slug": "kalapania",
          "pin": "799271"
        }
      ],
      "H": [
        {
          "name": "Huruah",
          "slug": "huruah",
          "pin": "799251"
        },
        {
          "name": "Halflongcherra",
          "slug": "halflongcherra",
          "pin": "799254"
        },
        {
          "name": "Hmungchuan",
          "slug": "hmungchuan",
          "pin": "799269"
        },
        {
          "name": "Hmunpui",
          "slug": "hmunpui",
          "pin": "799269"
        }
      ],
      "R": [
        {
          "name": "Raghna",
          "slug": "raghna",
          "pin": "799251"
        },
        {
          "name": "Radhapur",
          "slug": "radhapur",
          "pin": "799253"
        },
        {
          "name": "Rajbari",
          "slug": "rajbari",
          "pin": "799253"
        },
        {
          "name": "Rajnagar Laxmipur",
          "slug": "rajnagar-laxmipur",
          "pin": "799254"
        },
        {
          "name": "Rowabazar",
          "slug": "rowabazar",
          "pin": "799260"
        },
        {
          "name": "Rahumcherra",
          "slug": "rahumcherra",
          "pin": "799260"
        },
        {
          "name": "Ranibari",
          "slug": "ranibari",
          "pin": "799261"
        },
        {
          "name": "Rakhalgang",
          "slug": "rakhalgang",
          "pin": "799261"
        }
      ],
      "T": [
        {
          "name": "Thana Road",
          "slug": "thana-road",
          "pin": "799251"
        },
        {
          "name": "Tripura Ganganagar",
          "slug": "tripura-ganganagar",
          "pin": "799253"
        },
        {
          "name": "Tripura Damcherra",
          "slug": "tripura-damcherra",
          "pin": "799256"
        },
        {
          "name": "Tilthai Nutanbazar",
          "slug": "tilthai-nutanbazar",
          "pin": "799260"
        },
        {
          "name": "Tilthai",
          "slug": "tilthai",
          "pin": "799260"
        },
        {
          "name": "Tarakpur",
          "slug": "tarakpur",
          "pin": "799261"
        },
        {
          "name": "Tlangsang",
          "slug": "tlangsang",
          "pin": "799269"
        },
        {
          "name": "Tuichama",
          "slug": "tuichama",
          "pin": "799271"
        }
      ],
      "E": [
        {
          "name": "East Huruah",
          "slug": "east-huruah",
          "pin": "799253"
        },
        {
          "name": "East Kamesawar",
          "slug": "east-kamesawar",
          "pin": "799253"
        }
      ],
      "L": [
        {
          "name": "Lalcherra Colony",
          "slug": "lalcherra-colony",
          "pin": "799253"
        },
        {
          "name": "Laljuri",
          "slug": "laljuri",
          "pin": "799270"
        }
      ],
      "Z": [
        {
          "name": "Zaithang",
          "slug": "zaithang",
          "pin": "799253"
        }
      ],
      "A": [
        {
          "name": "Algapur",
          "slug": "algapur",
          "pin": "799253"
        },
        {
          "name": "Agnipassa",
          "slug": "agnipassa",
          "pin": "799260"
        },
        {
          "name": "Amtilla",
          "slug": "amtilla",
          "pin": "799261"
        },
        {
          "name": "Anandabazar",
          "slug": "anandabazar",
          "pin": "799271"
        }
      ],
      "J": [
        {
          "name": "Jubarajnagar",
          "slug": "jubarajnagar",
          "pin": "799254"
        },
        {
          "name": "Jalebassa",
          "slug": "jalebassa",
          "pin": "799260"
        },
        {
          "name": "Juri R.F",
          "slug": "juri-r-f",
          "pin": "799260"
        },
        {
          "name": "Janata College",
          "slug": "janata-college",
          "pin": "799260"
        },
        {
          "name": "Jalabazar",
          "slug": "jalabazar",
          "pin": "799260"
        },
        {
          "name": "Jampui",
          "slug": "jampui",
          "pin": "799269"
        },
        {
          "name": "Joyasree",
          "slug": "joyasree",
          "pin": "799270"
        }
      ],
      "U": [
        {
          "name": "Uptakhali",
          "slug": "uptakhali",
          "pin": "799260"
        },
        {
          "name": "Ujan Sailenbari",
          "slug": "ujan-sailenbari",
          "pin": "799260"
        }
      ],
      "W": [
        {
          "name": "West Panisagar",
          "slug": "west-panisagar",
          "pin": "799260"
        }
      ],
      "F": [
        {
          "name": "Fulbari",
          "slug": "fulbari",
          "pin": "799262"
        }
      ]
    },
    "Unakoti": {
      "U": [
        {
          "name": "Ugalcherra",
          "slug": "ugalcherra",
          "pin": "799263"
        },
        {
          "name": "Ujan Dodhpur",
          "slug": "ujan-dodhpur",
          "pin": "799288"
        },
        {
          "name": "Uttar Radhanagar",
          "slug": "uttar-radhanagar",
          "pin": "799290"
        }
      ],
      "D": [
        {
          "name": "Dhanicherra",
          "slug": "dhanicherra",
          "pin": "799263"
        },
        {
          "name": "Darchai",
          "slug": "darchai",
          "pin": "799264"
        },
        {
          "name": "Deora Cherra",
          "slug": "deora-cherra",
          "pin": "799279"
        },
        {
          "name": "Dalugaon",
          "slug": "dalugaon",
          "pin": "799280"
        },
        {
          "name": "Dhanbilash",
          "slug": "dhanbilash",
          "pin": "799280"
        },
        {
          "name": "Dengdung",
          "slug": "dengdung",
          "pin": "799288"
        },
        {
          "name": "Dudhpur",
          "slug": "dudhpur",
          "pin": "799288"
        }
      ],
      "G": [
        {
          "name": "Govidabari",
          "slug": "govidabari",
          "pin": "799263"
        },
        {
          "name": "Gulakpur T.E",
          "slug": "gulakpur-t-e",
          "pin": "799277"
        },
        {
          "name": "Goldharpur",
          "slug": "goldharpur",
          "pin": "799279"
        },
        {
          "name": "Gournagar SO",
          "slug": "gournagar-so",
          "pin": "799282"
        },
        {
          "name": "Gakulnagar",
          "slug": "gakulnagar",
          "pin": "799290"
        },
        {
          "name": "Ganganagar",
          "slug": "ganganagar",
          "pin": "799290"
        }
      ],
      "K": [
        {
          "name": "Karaicherra",
          "slug": "karaicherra",
          "pin": "799263"
        },
        {
          "name": "Krishnatilla",
          "slug": "krishnatilla",
          "pin": "799263"
        },
        {
          "name": "Kumarghat",
          "slug": "kumarghat",
          "pin": "799264"
        },
        {
          "name": "Kalishahan",
          "slug": "kalishahan",
          "pin": "799277"
        },
        {
          "name": "Kailashahar",
          "slug": "kailashahar",
          "pin": "799277"
        },
        {
          "name": "Kirtantali",
          "slug": "kirtantali",
          "pin": "799279"
        },
        {
          "name": "Kanchanbari",
          "slug": "kanchanbari",
          "pin": "799288"
        }
      ],
      "M": [
        {
          "name": "Machmara",
          "slug": "machmara",
          "pin": "799263"
        },
        {
          "name": "Manuvelly",
          "slug": "manuvelly",
          "pin": "799277"
        },
        {
          "name": "Masauli",
          "slug": "masauli",
          "pin": "799288"
        }
      ],
      "N": [
        {
          "name": "Nabincherra",
          "slug": "nabincherra",
          "pin": "799263"
        },
        {
          "name": "Nalkata",
          "slug": "nalkata",
          "pin": "799263"
        },
        {
          "name": "Notting Chedrra",
          "slug": "notting-chedrra",
          "pin": "799264"
        },
        {
          "name": "Noorpur",
          "slug": "noorpur",
          "pin": "799277"
        },
        {
          "name": "Nepaltilla",
          "slug": "nepaltilla",
          "pin": "799288"
        },
        {
          "name": "Noagaon Bazar",
          "slug": "noagaon-bazar",
          "pin": "799290"
        }
      ],
      "A": [
        {
          "name": "Andharcherra",
          "slug": "andharcherra",
          "pin": "799263"
        }
      ],
      "R": [
        {
          "name": "Ramgunapara",
          "slug": "ramgunapara",
          "pin": "799263"
        },
        {
          "name": "Rangrung",
          "slug": "rangrung",
          "pin": "799277"
        },
        {
          "name": "Rangauti",
          "slug": "rangauti",
          "pin": "799281"
        },
        {
          "name": "Rajkandi",
          "slug": "rajkandi",
          "pin": "799290"
        },
        {
          "name": "Ratacherra",
          "slug": "ratacherra",
          "pin": "799290"
        }
      ],
      "P": [
        {
          "name": "Pecharthal",
          "slug": "pecharthal",
          "pin": "799263"
        },
        {
          "name": "Pabiacherra",
          "slug": "pabiacherra",
          "pin": "799264"
        },
        {
          "name": "Panichowkibazar",
          "slug": "panichowkibazar",
          "pin": "799277"
        },
        {
          "name": "Paiturbazar",
          "slug": "paiturbazar",
          "pin": "799279"
        },
        {
          "name": "Pechardahar",
          "slug": "pechardahar",
          "pin": "799280"
        },
        {
          "name": "Paschimratacherra",
          "slug": "paschimratacherra",
          "pin": "799290"
        }
      ],
      "E": [
        {
          "name": "East Kanchanbari",
          "slug": "east-kanchanbari",
          "pin": "799264"
        },
        {
          "name": "Emrapassa",
          "slug": "emrapassa",
          "pin": "799290"
        }
      ],
      "S": [
        {
          "name": "South Unokoti",
          "slug": "south-unokoti",
          "pin": "799264"
        },
        {
          "name": "Sayedabari",
          "slug": "sayedabari",
          "pin": "799264"
        },
        {
          "name": "Sadhanasram",
          "slug": "sadhanasram",
          "pin": "799277"
        },
        {
          "name": "Samrurpar",
          "slug": "samrurpar",
          "pin": "799277"
        },
        {
          "name": "Sreerampur",
          "slug": "sreerampur",
          "pin": "799277"
        },
        {
          "name": "Sonamukhi  (North Tripura)",
          "slug": "sonamukhi-north-tripura",
          "pin": "799280"
        },
        {
          "name": "Saidarpar",
          "slug": "saidarpar",
          "pin": "799290"
        },
        {
          "name": "SAMARUHALA RF",
          "slug": "samaruhala-rf",
          "pin": "799290"
        }
      ],
      "B": [
        {
          "name": "Bhatisonaimuri",
          "slug": "bhatisonaimuri",
          "pin": "799264"
        },
        {
          "name": "Bhadrapally",
          "slug": "bhadrapally",
          "pin": "799277"
        },
        {
          "name": "Birchandranagar",
          "slug": "birchandranagar",
          "pin": "799280"
        },
        {
          "name": "Balehar",
          "slug": "balehar",
          "pin": "799280"
        },
        {
          "name": "Baburbazar",
          "slug": "baburbazar",
          "pin": "799281"
        },
        {
          "name": "Bhagabannagar",
          "slug": "bhagabannagar",
          "pin": "799282"
        }
      ],
      "I": [
        {
          "name": "Ichabpur",
          "slug": "ichabpur",
          "pin": "799277"
        },
        {
          "name": "Irani",
          "slug": "irani",
          "pin": "799281"
        }
      ],
      "T": [
        {
          "name": "Tapaspalli",
          "slug": "tapaspalli",
          "pin": "799277"
        },
        {
          "name": "Tripura Tillabazar",
          "slug": "tripura-tillabazar",
          "pin": "799281"
        },
        {
          "name": "Taraninagar",
          "slug": "taraninagar",
          "pin": "799288"
        },
        {
          "name": "Tarapur",
          "slug": "tarapur",
          "pin": "799290"
        },
        {
          "name": "Teghari",
          "slug": "teghari",
          "pin": "799290"
        }
      ],
      "C": [
        {
          "name": "Chandipur",
          "slug": "chandipur",
          "pin": "799277"
        },
        {
          "name": "Chantail",
          "slug": "chantail",
          "pin": "799279"
        },
        {
          "name": "Chinibagan",
          "slug": "chinibagan",
          "pin": "799282"
        }
      ],
      "J": [
        {
          "name": "Jamtolibari",
          "slug": "jamtolibari",
          "pin": "799277"
        },
        {
          "name": "Jagannathpur",
          "slug": "jagannathpur",
          "pin": "799280"
        }
      ],
      "Z": [
        {
          "name": "Zarultali",
          "slug": "zarultali",
          "pin": "799279"
        }
      ],
      "F": [
        {
          "name": "Fultali",
          "slug": "fultali",
          "pin": "799280"
        },
        {
          "name": "Fatikroy",
          "slug": "fatikroy",
          "pin": "799290"
        },
        {
          "name": "Fatikcherra",
          "slug": "fatikcherra",
          "pin": "799290"
        }
      ],
      "H": [
        {
          "name": "Hiracherra",
          "slug": "hiracherra",
          "pin": "799281"
        }
      ],
      "L": [
        {
          "name": "Latiapur",
          "slug": "latiapur",
          "pin": "799281"
        },
        {
          "name": "Laljuri East",
          "slug": "laljuri-east",
          "pin": "799288"
        }
      ]
    }
  }
}